timestamp,question,bloom,co,po
2026-06-09 19:30:01.734847,Apply semaphore operations to solve the producer-consumer problem.,Apply,CO3,"PO1, PO3, PO4"
2026-06-09 19:30:01.736440,Analyze the behavior of demand paging.,Analyze,CO4,"PO4, PO5"
2026-06-09 19:30:01.737616,Evaluate the effectiveness of file allocation methods.,Evaluate,CO5,"PO3, PO5"
2026-06-09 19:30:01.744357,Design a deadlock prevention mechanism.,Create,CO3,"PO1, PO3, PO4"
2026-06-09 19:31:56.411618,Define an operating system and list its major functions.,Remember,CO1,"PO1, PO2"
2026-06-09 19:31:56.413475,List the different types of operating systems with examples.,Remember,CO1,"PO1, PO2"
2026-06-09 19:31:56.414584,State the functions of an operating system kernel.,Remember,CO1,"PO1, PO2"
2026-06-09 19:31:56.415720,Name the categories of system calls provided by OS.,Remember,CO1,"PO1, PO2"
2026-06-09 19:32:01.401902,What is a virtual machine in operating system context?,Understand,CO1,"PO1, PO2"
2026-06-09 19:32:01.413603,Identify the components of a computer system architecture.,Apply,CO1,"PO1, PO2"
2026-06-09 19:32:01.419687,Mention the services provided by the operating system.,Remember,CO1,"PO1, PO2"
2026-06-09 19:32:01.436952,Write the definition of microkernel architecture in OS.,Understand,CO1,"PO1, PO2"
2026-06-09 19:32:01.444208,List the key features of monolithic kernel design.,Create,CO1,"PO1, PO2"
2026-06-09 19:32:01.450801,State the purpose of dual mode operation in operating system.,Remember,CO1,"PO1, PO2"
2026-06-09 19:32:01.452986,Name the layers in a layered operating system architecture.,Remember,CO1,"PO1, PO2"
2026-06-09 19:32:01.455800,List the system call types in the POSIX interface.,Remember,CO1,"PO1, PO2"
2026-06-09 19:32:01.456813,Define kernel mode and user mode in operating system.,Apply,CO1,"PO1, PO2"
2026-06-09 19:32:01.463271,What is the bootstrap process in an operating system?,Understand,CO1,"PO1, PO2"
2026-06-09 19:32:01.467849,State the difference between multiprogramming and multitasking OS.,Remember,CO1,"PO1, PO2"
2026-06-09 19:32:01.468859,Explain the layered approach to operating system design.,Create,CO1,"PO1, PO2"
2026-06-09 19:32:01.474345,Describe the monolithic kernel architecture and its components.,Understand,CO1,"PO1, PO2"
2026-06-09 19:32:01.482234,Discuss the microkernel design advantages over monolithic OS kernel.,Create,CO1,"PO1, PO2"
2026-06-09 19:32:01.483773,Explain the concept of system calls with POSIX examples.,Understand,CO1,"PO1, PO2"
2026-06-09 19:32:01.485160,Describe the dual mode operation in operating systems.,Understand,CO1,"PO1, PO2"
2026-06-09 19:32:01.486031,Discuss the virtual machine concept in operating systems.,Understand,CO1,"PO1, PO2"
2026-06-09 19:32:01.495250,Explain the difference between kernel space and user space in OS.,Apply,CO1,"PO1, PO2"
2026-06-09 19:32:01.496373,Summarize the evolution from batch to time-sharing operating systems.,Understand,CO1,"PO1, PO2"
2026-06-09 19:32:01.502308,Explain the role of system calls in OS services.,Understand,CO1,"PO1, PO2"
2026-06-09 19:32:01.503956,Describe how the operating system kernel manages hardware resources.,Understand,CO1,"PO1, PO2"
2026-06-09 19:32:01.504959,Discuss the hybrid kernel approach used in modern operating systems.,Apply,CO1,"PO1, PO2"
2026-06-09 19:32:01.512502,Explain the concept of virtual machine monitor in operating systems.,Understand,CO1,"PO1, PO2"
2026-06-09 19:32:01.513685,Describe the structure of a real-time operating system kernel.,Understand,CO1,"PO1, PO2"
2026-06-09 19:32:01.521380,Discuss the modular approach to operating system design.,Create,CO1,"PO1, PO2"
2026-06-09 19:32:01.523114,Explain system programs and their relationship with OS kernel.,Understand,CO1,"PO1, PO2"
2026-06-09 19:32:01.524084,Apply system calls to create and manage files in Linux kernel.,Create,CO1,"PO1, PO2"
2026-06-09 19:32:01.533317,Demonstrate use of fork system call for process creation in OS.,Apply,CO1,"PO1, PO2"
2026-06-09 19:32:01.535510,Show how user programs access kernel services via system calls.,Apply,CO1,"PO1, PO2"
2026-06-09 19:32:01.542680,Use system calls to demonstrate file read and write in Unix OS.,Apply,CO1,"PO1, PO2"
2026-06-09 19:32:01.544797,Apply OS architecture concepts to trace a system call execution path.,Apply,CO1,"PO1, PO2"
2026-06-09 19:32:01.550421,Demonstrate kernel privilege level switching via system call trap.,Apply,CO1,"PO1, PO2"
2026-06-09 19:32:01.559760,Show the sequence of kernel operations during a system call in OS.,Understand,CO1,"PO1, PO2"
2026-06-09 19:32:01.561901,Apply dual mode concept to demonstrate OS protection mechanism.,Apply,CO5,"PO3, PO5"
2026-06-09 19:32:01.562948,Implement a simple shell program using system calls in Linux.,Apply,CO1,"PO1, PO2"
2026-06-09 19:32:01.567105,Demonstrate exec system call to load a program in Unix OS.,Apply,CO1,"PO1, PO2"
2026-06-09 19:32:01.570413,Analyze the advantages of microkernel over monolithic OS architecture.,Analyze,CO1,"PO1, PO2"
2026-06-09 19:32:01.571874,Compare the performance of layered versus monolithic OS designs.,Create,CO1,"PO1, PO2"
2026-06-09 19:32:01.573393,Differentiate between user mode and kernel mode execution in OS.,Analyze,CO1,"PO1, PO2"
2026-06-09 19:32:01.574709,Examine structural differences between Windows and Linux kernel.,Analyze,CO1,"PO1, PO2"
2026-06-09 19:32:01.575458,Analyze the role of system calls in operating system security.,Analyze,CO1,"PO1, PO2"
2026-06-09 19:32:01.576697,Compare batch processing and time-sharing operating systems.,Analyze,CO1,"PO1, PO2"
2026-06-09 19:32:01.578053,Differentiate between multiprogramming and multiprocessing OS.,Analyze,CO2,"PO2, PO3"
2026-06-09 19:32:01.578749,Examine how virtualization impacts the operating system design.,Create,CO1,"PO1, PO2"
2026-06-09 19:32:01.580329,Compare exokernel and microkernel OS architectures.,Analyze,CO1,"PO1, PO2"
2026-06-09 19:32:01.581238,Analyze the trade-offs in layered versus modular OS kernel design.,Create,CO1,"PO1, PO2"
2026-06-09 19:32:01.582439,Differentiate between monolithic and modular kernel OS designs.,Create,CO1,"PO1, PO2"
2026-06-09 19:32:01.583904,Examine system call overhead impact on OS performance.,Analyze,CO1,"PO1, PO2"
2026-06-09 19:32:01.584694,Analyze the design trade-offs in real-time versus general purpose OS.,Create,CO1,"PO1, PO2"
2026-06-09 19:32:01.586014,Compare the virtual machine monitor types in operating systems.,Analyze,CO1,"PO1, PO2"
2026-06-09 19:32:01.586883,Evaluate design trade-offs in monolithic kernel architecture.,Create,CO1,"PO1, PO2"
2026-06-09 19:32:01.587656,Assess suitability of microkernel for embedded real-time systems.,Evaluate,CO1,"PO1, PO2"
2026-06-09 19:32:01.588927,Justify use of virtual machines in cloud computing environments.,Evaluate,CO1,"PO1, PO2"
2026-06-09 19:32:01.589917,Critique limitations of monolithic OS for modern multi-core hardware.,Evaluate,CO1,"PO1, PO2"
2026-06-09 19:32:01.590971,Evaluate security implications of kernel design choices in OS.,Create,CO1,"PO1, PO2"
2026-06-09 19:32:01.592240,Recommend the most appropriate OS architecture for IoT devices.,Evaluate,CO1,"PO1, PO2"
2026-06-09 19:32:01.593447,Assess the impact of system call overhead on overall OS performance.,Evaluate,CO1,"PO1, PO2"
2026-06-09 19:32:01.594131,Justify why modern operating systems use hybrid kernel designs.,Create,CO1,"PO1, PO2"
2026-06-09 19:32:01.595134,Critique the layered OS approach for high performance computing.,Evaluate,CO1,"PO1, PO2"
2026-06-09 19:32:01.596493,Evaluate effectiveness of virtual machine monitors in OS design.,Create,CO1,"PO1, PO2"
2026-06-09 19:32:01.598361,Design an OS architecture for an embedded real-time control system.,Create,CO1,"PO1, PO2"
2026-06-09 19:32:01.599812,Develop a kernel structure for a secure operating system.,Create,CO1,"PO1, PO2"
2026-06-09 19:32:01.600658,Construct a layered OS design for a cloud computing platform.,Create,CO1,"PO1, PO2"
2026-06-09 19:32:01.605892,Propose an OS architecture that balances security and performance.,Create,CO1,"PO1, PO2"
2026-06-09 19:32:01.607743,Create a system call interface specification for a custom OS kernel.,Create,CO1,"PO1, PO2"
2026-06-09 19:32:01.609435,Design a virtual machine monitor for server consolidation.,Create,CO1,"PO1, PO2"
2026-06-09 19:32:01.610991,Develop a microkernel-based OS design for safety-critical systems.,Create,CO1,"PO1, PO2"
2026-06-09 19:32:01.611992,Formulate an OS structure for distributed computing environment.,Create,CO1,"PO1, PO2"
2026-06-09 19:32:01.625168,Define a process and list its different execution states.,Remember,CO2,"PO2, PO3"
2026-06-09 19:32:01.626293,List CPU scheduling algorithms used in operating systems.,Apply,CO2,"PO2, PO3"
2026-06-09 19:32:01.632218,State the purpose of a Process Control Block PCB.,Remember,CO2,"PO2, PO3"
2026-06-09 19:32:01.634794,Name the fields stored in a Process Control Block.,Remember,CO2,"PO2, PO3"
2026-06-09 19:32:01.640176,What is context switching in process management?,Understand,CO2,"PO2, PO3"
2026-06-09 19:32:01.642416,Define a thread and list the differences between process and thread.,Remember,CO2,"PO2, PO3"
2026-06-09 19:32:01.644137,Identify the necessary conditions for the critical section problem.,Remember,CO3,"PO1, PO3, PO4"
2026-06-09 19:32:01.646965,List Inter Process Communication IPC mechanisms in OS.,Remember,CO2,"PO2, PO3"
2026-06-09 19:32:01.649459,State the difference between preemptive and non-preemptive scheduling.,Remember,CO1,"PO1, PO2"
2026-06-09 19:32:01.651555,Define semaphore and list its types in process synchronization.,Remember,CO3,"PO1, PO3, PO4"
2026-06-09 19:32:01.654153,What is a monitor? List its components for process synchronization.,Remember,CO3,"PO1, PO3, PO4"
2026-06-09 19:32:01.656418,List the states in the five-state process model.,Remember,CO2,"PO2, PO3"
2026-06-09 19:32:01.658323,Define race condition in process synchronization.,Remember,CO3,"PO1, PO3, PO4"
2026-06-09 19:32:01.660826,State the purpose of mutex in process synchronization.,Remember,CO3,"PO1, PO3, PO4"
2026-06-09 19:32:01.662360,Define priority inversion in CPU scheduling.,Remember,CO2,"PO2, PO3"
2026-06-09 19:32:01.663333,Explain Round Robin CPU scheduling algorithm with example.,Understand,CO2,"PO2, PO3"
2026-06-09 19:32:01.665361,Describe working of First Come First Served FCFS CPU scheduling.,Understand,CO2,"PO2, PO3"
2026-06-09 19:32:01.667308,Discuss concept of Shortest Job First SJF CPU scheduling.,Understand,CO2,"PO2, PO3"
2026-06-09 19:32:01.669146,Explain producer consumer problem using semaphore in OS.,Understand,CO3,"PO1, PO3, PO4"
2026-06-09 19:32:01.670869,Describe how semaphore solves the critical section problem.,Apply,CO3,"PO1, PO3, PO4"
2026-06-09 19:32:01.672611,Explain multithreading concept and its advantages in process management.,Understand,CO2,"PO2, PO3"
2026-06-09 19:32:01.674286,Discuss dining philosophers problem and process synchronization.,Understand,CO3,"PO1, PO3, PO4"
2026-06-09 19:32:01.675776,Describe process creation and termination in UNIX OS.,Understand,CO2,"PO2, PO3"
2026-06-09 19:32:01.677495,Explain priority CPU scheduling with preemption and aging technique.,Understand,CO2,"PO2, PO3"
2026-06-09 19:32:01.678559,Describe monitor mechanism for process synchronization.,Understand,CO3,"PO1, PO3, PO4"
2026-06-09 19:32:01.680662,Discuss readers writers problem and semaphore solution.,Understand,CO3,"PO1, PO3, PO4"
2026-06-09 19:32:01.682224,Explain multilevel feedback queue CPU scheduling algorithm.,Understand,CO2,"PO2, PO3"
2026-06-09 19:32:01.684205,Describe Shortest Remaining Time First SRTF CPU scheduling.,Understand,CO2,"PO2, PO3"
2026-06-09 19:32:01.686153,Explain Peterson solution for critical section in process synchronization.,Understand,CO3,"PO1, PO3, PO4"
2026-06-09 19:32:01.688443,Discuss the CPU scheduling criteria and performance metrics.,Apply,CO2,"PO2, PO3"
2026-06-09 19:32:01.690223,Explain spinlock concept in process synchronization.,Understand,CO3,"PO1, PO3, PO4"
2026-06-09 19:32:01.691850,Describe concept of thread-level parallelism in CPU scheduling.,Understand,CO2,"PO2, PO3"
2026-06-09 19:32:01.693456,Calculate average waiting time for FCFS CPU scheduling algorithm.,Apply,CO2,"PO2, PO3"
2026-06-09 19:32:01.695301,Apply Round Robin CPU scheduling with quantum 3 and compute waiting time.,Apply,CO2,"PO2, PO3"
2026-06-09 19:32:01.697116,Solve critical section problem using Peterson algorithm.,Apply,CO3,"PO1, PO3, PO4"
2026-06-09 19:32:01.698907,Implement semaphore solution for readers writers problem.,Apply,CO3,"PO1, PO3, PO4"
2026-06-09 19:32:01.700284,Compute CPU utilization for multilevel queue scheduling.,Apply,CO1,"PO1, PO2"
2026-06-09 19:32:01.705805,Simulate SJF CPU scheduling for given set of processes.,Understand,CO2,"PO2, PO3"
2026-06-09 19:32:01.707695,Apply priority CPU scheduling and draw Gantt chart.,Apply,CO2,"PO2, PO3"
2026-06-09 19:32:01.709424,Calculate turnaround time using SRTF preemptive CPU scheduling.,Apply,CO2,"PO2, PO3"
2026-06-09 19:32:01.711147,Use Round Robin to compute response time for each process.,Apply,CO2,"PO2, PO3"
2026-06-09 19:32:01.713071,Apply FCFS CPU scheduling to determine waiting time per process.,Apply,CO2,"PO2, PO3"
2026-06-09 19:32:01.715801,Calculate average waiting time using Round Robin scheduling.,Apply,CO2,"PO2, PO3"
2026-06-09 19:32:01.717747,Apply preemptive SJF scheduling and compute average turnaround time.,Apply,CO2,"PO2, PO3"
2026-06-09 19:32:01.722255,Simulate process execution using FCFS CPU scheduling algorithm.,Understand,CO2,"PO2, PO3"
2026-06-09 19:32:01.724143,Calculate Gantt chart for priority CPU scheduling with aging.,Apply,CO2,"PO2, PO3"
2026-06-09 19:32:01.725771,Apply semaphore operations to solve bounded buffer problem.,Apply,CO3,"PO1, PO3, PO4"
2026-06-09 19:32:01.727559,Analyze performance of FCFS versus SJF CPU scheduling algorithms.,Analyze,CO2,"PO2, PO3"
2026-06-09 19:32:01.729369,Compare Round Robin and Multilevel Queue CPU scheduling algorithms.,Analyze,CO2,"PO2, PO3"
2026-06-09 19:32:01.731512,Differentiate between user level threads and kernel level threads.,Analyze,CO1,"PO1, PO2"
2026-06-09 19:32:01.733305,Examine starvation problem in priority CPU scheduling.,Analyze,CO2,"PO2, PO3"
2026-06-09 19:32:01.734956,Analyze effectiveness of semaphores versus monitors for synchronization.,Analyze,CO3,"PO1, PO3, PO4"
2026-06-09 19:32:01.736687,Compare IPC mechanisms in terms of speed and complexity.,Analyze,CO1,"PO1, PO2"
2026-06-09 19:32:01.738353,Examine trade-offs between cooperative and preemptive multitasking.,Analyze,CO1,"PO1, PO2"
2026-06-09 19:32:01.740051,Analyze performance impact of context switching overhead in OS.,Analyze,CO1,"PO1, PO2"
2026-06-09 19:32:01.741789,Differentiate between hard real-time and soft real-time CPU scheduling.,Analyze,CO2,"PO2, PO3"
2026-06-09 19:32:01.743744,Compare efficiency of mutex locks versus counting semaphores.,Analyze,CO3,"PO1, PO3, PO4"
2026-06-09 19:32:01.745560,Analyze priority inversion problem in process scheduling.,Analyze,CO2,"PO2, PO3"
2026-06-09 19:32:01.747282,Differentiate between preemptive and non-preemptive CPU scheduling.,Analyze,CO2,"PO2, PO3"
2026-06-09 19:32:01.748993,Examine the convoy effect in FCFS CPU scheduling.,Analyze,CO2,"PO2, PO3"
2026-06-09 19:32:01.750788,Analyze the impact of quantum size on Round Robin scheduling performance.,Analyze,CO2,"PO2, PO3"
2026-06-09 19:32:01.752685,Evaluate which CPU scheduling algorithm is best for time-sharing systems.,Evaluate,CO2,"PO2, PO3"
2026-06-09 19:32:01.754195,Assess impact of context switching overhead on system performance.,Evaluate,CO1,"PO1, PO2"
2026-06-09 19:32:01.755612,Justify use of monitors over semaphores in concurrent programming.,Evaluate,CO3,"PO1, PO3, PO4"
2026-06-09 19:32:01.757118,Critique limitations of Peterson solution for mutual exclusion.,Evaluate,CO3,"PO1, PO3, PO4"
2026-06-09 19:32:01.759091,Assess suitability of POSIX threads for high-performance parallel computing.,Evaluate,CO1,"PO1, PO2"
2026-06-09 19:32:01.760818,Recommend synchronization mechanism for database transaction management.,Evaluate,CO3,"PO1, PO3, PO4"
2026-06-09 19:32:01.762222,Evaluate fairness of Round Robin versus priority CPU scheduling.,Evaluate,CO2,"PO2, PO3"
2026-06-09 19:32:01.763976,Justify use of aging to prevent starvation in priority CPU scheduling.,Evaluate,CO2,"PO2, PO3"
2026-06-09 19:32:01.765455,Assess effectiveness of multilevel feedback queue scheduling.,Evaluate,CO1,"PO1, PO2"
2026-06-09 19:32:01.767391,Evaluate the impact of quantum time on Round Robin CPU performance.,Evaluate,CO2,"PO2, PO3"
2026-06-09 19:32:01.770359,Design a CPU scheduling algorithm for a real-time operating system.,Create,CO2,"PO2, PO3"
2026-06-09 19:32:01.772314,Develop a monitor-based solution to the readers writers problem.,Create,CO3,"PO1, PO3, PO4"
2026-06-09 19:32:01.774575,Construct a process synchronization mechanism for a banking application.,Create,CO3,"PO1, PO3, PO4"
2026-06-09 19:32:01.776470,Formulate a scheduling policy for a multimedia operating system.,Create,CO1,"PO1, PO2"
2026-06-09 19:32:01.778471,Create a priority-based thread pool architecture for a web server.,Create,CO1,"PO1, PO2"
2026-06-09 19:32:01.780279,Design a fair multi-level CPU scheduler with dynamic priority adjustment.,Create,CO2,"PO2, PO3"
2026-06-09 19:32:01.783283,Develop a semaphore-based solution to the bounded buffer problem.,Create,CO3,"PO1, PO3, PO4"
2026-06-09 19:32:01.786086,Propose a thread scheduling framework for a cloud computing platform.,Create,CO1,"PO1, PO2"
2026-06-09 19:32:01.787621,Define paging and list the components of a page table.,Remember,CO4,"PO4, PO5"
2026-06-09 19:32:01.788863,List the different page replacement algorithms.,Remember,CO4,"PO4, PO5"
2026-06-09 19:32:01.792690,State the differences between internal and external memory fragmentation.,Remember,CO1,"PO1, PO2"
2026-06-09 19:32:01.794461,Define virtual memory and mention its advantages.,Remember,CO4,"PO4, PO5"
2026-06-09 19:32:01.796907,Name the fields stored in a page table entry.,Remember,CO1,"PO1, PO2"
2026-06-09 19:32:01.802426,What is a Translation Lookaside Buffer TLB in memory management?,Understand,CO4,"PO4, PO5"
2026-06-09 19:32:01.804577,Define thrashing in virtual memory management.,Remember,CO4,"PO4, PO5"
2026-06-09 19:32:01.806669,List the memory allocation strategies used in operating systems.,Apply,CO4,"PO4, PO5"
2026-06-09 19:32:01.808304,Define segmentation and list the fields in a segment table.,Remember,CO4,"PO4, PO5"
2026-06-09 19:32:01.809985,State the difference between logical address and physical address.,Remember,CO4,"PO4, PO5"
2026-06-09 19:32:01.811697,Define demand paging in virtual memory systems.,Remember,CO4,"PO4, PO5"
2026-06-09 19:32:01.817782,What is a page fault in virtual memory management?,Understand,CO4,"PO4, PO5"
2026-06-09 19:32:01.820709,Explain the working of demand paging with a suitable diagram.,Understand,CO4,"PO4, PO5"
2026-06-09 19:32:01.822756,Describe the LRU Least Recently Used page replacement algorithm.,Apply,CO4,"PO4, PO5"
2026-06-09 19:32:01.824227,Explain segmentation memory management with an example.,Understand,CO4,"PO4, PO5"
2026-06-09 19:32:01.827957,Discuss the concept of thrashing and how to prevent it in virtual memory.,Understand,CO4,"PO4, PO5"
2026-06-09 19:32:01.829698,Describe First Fit Best Fit and Worst Fit memory allocation strategies.,Understand,CO4,"PO4, PO5"
2026-06-09 19:32:01.830854,Explain how TLB improves memory access performance.,Apply,CO4,"PO4, PO5"
2026-06-09 19:32:01.832314,Describe the working of an inverted page table.,Understand,CO1,"PO1, PO2"
2026-06-09 19:32:01.835556,Explain the concept of copy-on-write in virtual memory management.,Understand,CO4,"PO4, PO5"
2026-06-09 19:32:01.837634,Discuss the buddy system memory allocation scheme.,Understand,CO4,"PO4, PO5"
2026-06-09 19:32:01.839505,Explain the working of multilevel paging.,Understand,CO4,"PO4, PO5"
2026-06-09 19:32:01.841703,Describe the working set model for memory management.,Understand,CO1,"PO1, PO2"
2026-06-09 19:32:01.844429,Explain the clock algorithm for page replacement in virtual memory.,Understand,CO4,"PO4, PO5"
2026-06-09 19:32:01.846660,Describe the concept of page sharing in virtual memory management.,Understand,CO4,"PO4, PO5"
2026-06-09 19:32:01.849115,Explain the structure of a page table in 64-bit systems.,Understand,CO1,"PO1, PO2"
2026-06-09 19:32:01.850666,Discuss the concept of memory allocation using best fit strategy.,Understand,CO4,"PO4, PO5"
2026-06-09 19:32:01.851975,Calculate page faults using FIFO page replacement for given reference string.,Apply,CO4,"PO4, PO5"
2026-06-09 19:32:01.854172,Apply LRU page replacement algorithm to reference string and find page faults.,Apply,CO4,"PO4, PO5"
2026-06-09 19:32:01.855604,Compute effective memory access time given a TLB hit ratio.,Apply,CO4,"PO4, PO5"
2026-06-09 19:32:01.857703,Solve memory allocation using best fit strategy for given partitions.,Apply,CO4,"PO4, PO5"
2026-06-09 19:32:01.860043,Demonstrate optimal page replacement algorithm for given reference string.,Apply,CO4,"PO4, PO5"
2026-06-09 19:32:01.862049,Apply paging technique to translate logical addresses to physical.,Apply,CO4,"PO4, PO5"
2026-06-09 19:32:01.863613,Compute the size of page table given logical and physical address space.,Apply,CO4,"PO4, PO5"
2026-06-09 19:32:01.864994,Calculate page faults using clock second chance page replacement.,Apply,CO4,"PO4, PO5"
2026-06-09 19:32:01.866852,Apply second chance page replacement to given page reference string.,Apply,CO4,"PO4, PO5"
2026-06-09 19:32:01.868809,Solve address translation using two-level paging for logical address.,Apply,CO4,"PO4, PO5"
2026-06-09 19:32:01.870635,Use working set model to calculate number of frames needed for process.,Apply,CO2,"PO2, PO3"
2026-06-09 19:32:01.872829,Apply first fit memory allocation for given memory partition table.,Apply,CO4,"PO4, PO5"
2026-06-09 19:32:01.874855,Calculate internal fragmentation for paging with given page size.,Apply,CO4,"PO4, PO5"
2026-06-09 19:32:01.876762,Apply LFU Least Frequently Used page replacement to reference string.,Apply,CO4,"PO4, PO5"
2026-06-09 19:32:01.878819,Compute effective access time with demand paging and TLB.,Apply,CO4,"PO4, PO5"
2026-06-09 19:32:01.880484,Analyze Belady anomaly with example for FIFO page replacement.,Analyze,CO4,"PO4, PO5"
2026-06-09 19:32:01.881850,Compare paging and segmentation in terms of fragmentation and performance.,Analyze,CO4,"PO4, PO5"
2026-06-09 19:32:01.883641,Differentiate between FIFO and LRU page replacement algorithms.,Analyze,CO4,"PO4, PO5"
2026-06-09 19:32:01.884606,Examine effects of page size on TLB performance and memory overhead.,Analyze,CO4,"PO4, PO5"
2026-06-09 19:32:01.886621,Analyze working set model effectiveness in preventing thrashing.,Analyze,CO4,"PO4, PO5"
2026-06-09 19:32:01.888098,Compare fixed allocation and variable allocation page frame strategies.,Analyze,CO1,"PO1, PO2"
2026-06-09 19:32:01.889695,Differentiate between local and global page replacement policies.,Analyze,CO4,"PO4, PO5"
2026-06-09 19:32:01.891366,Examine impact of page fault frequency on memory allocation.,Analyze,CO4,"PO4, PO5"
2026-06-09 19:32:01.893457,Analyze the memory hierarchy impact on virtual memory performance.,Analyze,CO4,"PO4, PO5"
2026-06-09 19:32:01.896567,Compare demand paging and pre-paging virtual memory strategies.,Analyze,CO4,"PO4, PO5"
2026-06-09 19:32:01.899048,Differentiate between swapping and virtual memory paging techniques.,Analyze,CO4,"PO4, PO5"
2026-06-09 19:32:01.901151,Examine thrashing condition detection and prevention in virtual memory.,Analyze,CO4,"PO4, PO5"
2026-06-09 19:32:01.903647,Compare clock algorithm and LRU approximation for page replacement.,Analyze,CO4,"PO4, PO5"
2026-06-09 19:32:01.905312,Evaluate effectiveness of LRU versus Optimal page replacement.,Evaluate,CO4,"PO4, PO5"
2026-06-09 19:32:01.907615,Assess trade-offs between segmentation and paging memory techniques.,Evaluate,CO4,"PO4, PO5"
2026-06-09 19:32:01.909753,Justify use of demand paging over static memory allocation.,Evaluate,CO4,"PO4, PO5"
2026-06-09 19:32:01.911783,Assess suitability of working set model versus LRU approximation.,Evaluate,CO4,"PO4, PO5"
2026-06-09 19:32:01.913729,Justify use of copy-on-write for forked processes in Linux.,Evaluate,CO2,"PO2, PO3"
2026-06-09 19:32:01.916104,Recommend memory allocation strategy for embedded real-time systems.,Evaluate,CO4,"PO4, PO5"
2026-06-09 19:32:01.918039,Evaluate TLB performance impact on memory-intensive applications.,Evaluate,CO4,"PO4, PO5"
2026-06-09 19:32:01.920523,Critique limitations of FIFO page replacement in virtual memory OS.,Evaluate,CO4,"PO4, PO5"
2026-06-09 19:32:01.921862,Justify selection of page replacement policy for a DBMS system.,Evaluate,CO4,"PO4, PO5"
2026-06-09 19:32:01.924115,Evaluate impact of page size on operating system memory performance.,Evaluate,CO1,"PO1, PO2"
2026-06-09 19:32:01.926612,Design a memory management scheme for a multiprogramming OS.,Create,CO1,"PO1, PO2"
2026-06-09 19:32:01.928816,Develop a virtual memory management policy for a database server.,Create,CO4,"PO4, PO5"
2026-06-09 19:32:01.930824,Create a segmented paging memory system design for 64-bit OS.,Create,CO4,"PO4, PO5"
2026-06-09 19:32:01.932123,Construct a page replacement policy for high-performance computing.,Create,CO4,"PO4, PO5"
2026-06-09 19:32:01.933547,Propose a memory management framework for real-time embedded OS.,Create,CO1,"PO1, PO2"
2026-06-09 19:32:01.935172,Design a hybrid memory allocation strategy for cloud computing.,Create,CO4,"PO4, PO5"
2026-06-09 19:32:01.937572,Develop a virtual memory system design for embedded Linux.,Create,CO4,"PO4, PO5"
2026-06-09 19:32:01.938955,Formulate a TLB management scheme for a multi-processor OS.,Create,CO4,"PO4, PO5"
2026-06-09 19:32:01.940413,Define a file system and list its primary functions.,Remember,CO5,"PO3, PO5"
2026-06-09 19:32:01.941709,List the file allocation methods in operating systems.,Remember,CO5,"PO3, PO5"
2026-06-09 19:32:01.943722,State the structure of an inode in UNIX file system.,Remember,CO5,"PO3, PO5"
2026-06-09 19:32:01.944949,Name the types of file access methods in operating systems.,Remember,CO5,"PO3, PO5"
2026-06-09 19:32:01.946300,What is a directory? List the directory structures used in OS.,Apply,CO1,"PO1, PO2"
2026-06-09 19:32:01.948021,Define free space management and list techniques used in file system.,Apply,CO5,"PO3, PO5"
2026-06-09 19:32:01.949704,List the file protection mechanisms in operating systems.,Remember,CO5,"PO3, PO5"
2026-06-09 19:32:01.951299,Define hard link and soft link in UNIX file system.,Remember,CO5,"PO3, PO5"
2026-06-09 19:32:01.952764,List the file operations supported by an operating system.,Remember,CO5,"PO3, PO5"
2026-06-09 19:32:01.954398,State the structure of a File Allocation Table FAT.,Remember,CO5,"PO3, PO5"
2026-06-09 19:32:01.956286,Define indexed file allocation and list its advantages.,Remember,CO5,"PO3, PO5"
2026-06-09 19:32:01.958459,State the difference between sequential and direct file access.,Remember,CO5,"PO3, PO5"
2026-06-09 19:32:01.960698,Explain the indexed file allocation method with a suitable diagram.,Understand,CO5,"PO3, PO5"
2026-06-09 19:32:01.963163,Describe the structure and working of FAT file system.,Understand,CO5,"PO3, PO5"
2026-06-09 19:32:01.965371,Explain the concept of inode and its role in UNIX file system.,Understand,CO5,"PO3, PO5"
2026-06-09 19:32:01.967225,Discuss the linked file allocation method and its disadvantages.,Understand,CO5,"PO3, PO5"
2026-06-09 19:32:01.969871,Explain directory implementation using linear list and hash table.,Apply,CO1,"PO1, PO2"
2026-06-09 19:32:01.971950,Describe the access control list ACL mechanism in file systems.,Understand,CO5,"PO3, PO5"
2026-06-09 19:32:01.973717,Explain the hierarchical directory structure with examples.,Understand,CO1,"PO1, PO2"
2026-06-09 19:32:01.975742,Discuss the journaling file system concept and its advantages.,Understand,CO5,"PO3, PO5"
2026-06-09 19:32:01.977803,Describe contiguous file allocation and its advantages.,Understand,CO5,"PO3, PO5"
2026-06-09 19:32:01.979938,Explain UNIX inode structure with direct and indirect blocks.,Understand,CO1,"PO1, PO2"
2026-06-09 19:32:01.981131,Describe the concept of mounting a file system.,Understand,CO5,"PO3, PO5"
2026-06-09 19:32:01.983316,Explain free space management using bitmap method in file system.,Understand,CO5,"PO3, PO5"
2026-06-09 19:32:01.985881,Describe the virtual file system VFS layer in operating systems.,Understand,CO5,"PO3, PO5"
2026-06-09 19:32:01.987622,Explain the concept of file system buffering and caching.,Understand,CO5,"PO3, PO5"
2026-06-09 19:32:01.990329,Apply indexed allocation method to allocate disk blocks for a file.,Apply,CO5,"PO3, PO5"
2026-06-09 19:32:01.993748,Demonstrate free space management using bitmap method in file system.,Apply,CO5,"PO3, PO5"
2026-06-09 19:32:01.999506,Show how a file is accessed using inode structure in UNIX.,Understand,CO5,"PO3, PO5"
2026-06-09 19:32:02.002821,Calculate disk blocks accessed using linked file allocation.,Apply,CO5,"PO3, PO5"
2026-06-09 19:32:02.004081,Apply contiguous allocation to assign disk space for set of files.,Apply,CO5,"PO3, PO5"
2026-06-09 19:32:02.009254,Show directory tree structure for a given set of files.,Understand,CO5,"PO3, PO5"
2026-06-09 19:32:02.010417,Demonstrate linked allocation by tracing file blocks on disk.,Apply,CO5,"PO3, PO5"
2026-06-09 19:32:02.012232,Calculate number of disk accesses using indexed file allocation.,Apply,CO5,"PO3, PO5"
2026-06-09 19:32:02.013840,Apply FAT file system to trace the allocation of blocks for a file.,Apply,CO5,"PO3, PO5"
2026-06-09 19:32:02.018734,Show how UNIX inode handles large files with triple indirect blocks.,Understand,CO5,"PO3, PO5"
2026-06-09 19:32:02.020834,Apply bitmap to find free disk blocks in file system.,Apply,CO5,"PO3, PO5"
2026-06-09 19:32:02.023173,Calculate access time for a file using indexed file allocation.,Apply,CO5,"PO3, PO5"
2026-06-09 19:32:02.025067,Analyze advantages and disadvantages of contiguous file allocation.,Analyze,CO5,"PO3, PO5"
2026-06-09 19:32:02.026302,Compare FAT file system with UNIX inode based file system.,Analyze,CO5,"PO3, PO5"
2026-06-09 19:32:02.027974,Differentiate between absolute and relative path names in file system.,Analyze,CO5,"PO3, PO5"
2026-06-09 19:32:02.029314,Examine performance implications of different directory structures.,Analyze,CO1,"PO1, PO2"
2026-06-09 19:32:02.031011,Analyze external fragmentation problem in contiguous file allocation.,Analyze,CO5,"PO3, PO5"
2026-06-09 19:32:02.033288,Compare journaling and non-journaling file systems for consistency.,Analyze,CO5,"PO3, PO5"
2026-06-09 19:32:02.034921,Differentiate between FAT32 and NTFS file system structures.,Analyze,CO5,"PO3, PO5"
2026-06-09 19:32:02.036271,Examine trade-offs between linked and indexed file allocation.,Analyze,CO5,"PO3, PO5"
2026-06-09 19:32:02.038019,Analyze performance of hash-based directory lookup in file system.,Analyze,CO5,"PO3, PO5"
2026-06-09 19:32:02.039973,Compare block-level and file-level storage management.,Analyze,CO5,"PO3, PO5"
2026-06-09 19:32:02.041830,Differentiate between local and network file systems.,Analyze,CO5,"PO3, PO5"
2026-06-09 19:32:02.043797,Evaluate suitability of different file allocation methods for large files.,Evaluate,CO5,"PO3, PO5"
2026-06-09 19:32:02.045450,Assess effectiveness of journaling in ensuring file system consistency.,Evaluate,CO5,"PO3, PO5"
2026-06-09 19:32:02.048422,Justify why UNIX uses inode-based allocation over FAT file system.,Evaluate,CO5,"PO3, PO5"
2026-06-09 19:32:02.050752,Critique use of contiguous allocation for modern large storage devices.,Evaluate,CO1,"PO1, PO2"
2026-06-09 19:32:02.053080,Evaluate impact of directory structure on file system performance.,Evaluate,CO5,"PO3, PO5"
2026-06-09 19:32:02.055134,Recommend appropriate file system for a mobile embedded device.,Evaluate,CO5,"PO3, PO5"
2026-06-09 19:32:02.057073,Assess suitability of FAT for removable storage devices.,Evaluate,CO1,"PO1, PO2"
2026-06-09 19:32:02.059087,Justify selection of ext4 over ext2 for Linux file system.,Evaluate,CO5,"PO3, PO5"
2026-06-09 19:32:02.061304,Design a file system structure for a distributed database application.,Create,CO5,"PO3, PO5"
2026-06-09 19:32:02.063755,Propose a file protection and access control scheme for multi-user OS.,Create,CO5,"PO3, PO5"
2026-06-09 19:32:02.065582,Develop an access control model for a secure multi-user file system.,Create,CO5,"PO3, PO5"
2026-06-09 19:32:02.067583,Construct a hierarchical file system for network-attached storage.,Create,CO5,"PO3, PO5"
2026-06-09 19:32:02.070100,Create a virtual file system layer for cross-platform OS compatibility.,Create,CO5,"PO3, PO5"
2026-06-09 19:32:02.072689,Formulate a file recovery mechanism for a journaling file system.,Create,CO5,"PO3, PO5"
2026-06-09 19:32:02.075773,Design an encrypted file system for secure data storage.,Create,CO5,"PO3, PO5"
2026-06-09 19:32:02.077530,Develop a distributed file system design for cloud storage.,Create,CO5,"PO3, PO5"
2026-06-09 19:32:02.079678,Define deadlock and list the four necessary conditions.,Remember,CO3,"PO1, PO3, PO4"
2026-06-09 19:32:02.081466,State the steps of Banker algorithm for deadlock avoidance.,Remember,CO3,"PO1, PO3, PO4"
2026-06-09 19:32:02.083331,List the methods for handling deadlock in operating systems.,Remember,CO3,"PO1, PO3, PO4"
2026-06-09 19:32:02.085036,Name the components of a resource allocation graph.,Remember,CO3,"PO1, PO3, PO4"
2026-06-09 19:32:02.087737,Define safe state and unsafe state in deadlock avoidance.,Remember,CO3,"PO1, PO3, PO4"
2026-06-09 19:32:02.089946,What is circular wait? State its role in causing deadlock.,Remember,CO3,"PO1, PO3, PO4"
2026-06-09 19:32:02.091336,List resources that can potentially cause deadlock in OS.,Apply,CO3,"PO1, PO3, PO4"
2026-06-09 19:32:02.093358,State the difference between deadlock avoidance and deadlock prevention.,Remember,CO3,"PO1, PO3, PO4"
2026-06-09 19:32:02.095573,Define the need matrix in the Banker algorithm for deadlock.,Remember,CO3,"PO1, PO3, PO4"
2026-06-09 19:32:02.097098,List the four conditions for deadlock occurrence.,Remember,CO3,"PO1, PO3, PO4"
2026-06-09 19:32:02.099091,Explain the resource allocation graph and how it detects deadlock.,Understand,CO3,"PO1, PO3, PO4"
2026-06-09 19:32:02.100737,Describe the Banker algorithm for deadlock avoidance.,Understand,CO3,"PO1, PO3, PO4"
2026-06-09 19:32:02.102648,Discuss methods of deadlock prevention in operating systems.,Understand,CO3,"PO1, PO3, PO4"
2026-06-09 19:32:02.104460,Explain wait-for graph and its use in deadlock detection.,Apply,CO3,"PO1, PO3, PO4"
2026-06-09 19:32:02.105932,Describe how deadlock recovery is performed in OS.,Apply,CO3,"PO1, PO3, PO4"
2026-06-09 19:32:02.107724,Explain the concept of safe sequence in Banker algorithm.,Understand,CO3,"PO1, PO3, PO4"
2026-06-09 19:32:02.109626,Discuss ostrich algorithm approach to handling deadlock.,Understand,CO3,"PO1, PO3, PO4"
2026-06-09 19:32:02.111924,Describe the hold and wait condition and how to eliminate deadlock.,Understand,CO3,"PO1, PO3, PO4"
2026-06-09 19:32:02.114540,Explain mutual exclusion role in deadlock conditions.,Understand,CO3,"PO1, PO3, PO4"
2026-06-09 19:32:02.116660,Describe deadlock recovery using process termination and preemption.,Understand,CO3,"PO1, PO3, PO4"
2026-06-09 19:32:02.118655,Explain the significance of safe state in Banker algorithm.,Understand,CO3,"PO1, PO3, PO4"
2026-06-09 19:32:02.120354,Discuss the no preemption condition in deadlock formation.,Understand,CO3,"PO1, PO3, PO4"
2026-06-09 19:32:02.121359,Apply Banker algorithm to determine if system is in a safe state.,Apply,CO3,"PO1, PO3, PO4"
2026-06-09 19:32:02.122566,Solve deadlock detection problem using resource allocation graph.,Apply,CO3,"PO1, PO3, PO4"
2026-06-09 19:32:02.124081,Demonstrate deadlock prevention using resource ordering technique.,Apply,CO3,"PO1, PO3, PO4"
2026-06-09 19:32:02.125408,Apply safety algorithm to find all safe sequences for given allocation.,Apply,CO1,"PO1, PO2"
2026-06-09 19:32:02.127219,Compute whether resource request can be granted using Banker algorithm.,Apply,CO3,"PO1, PO3, PO4"
2026-06-09 19:32:02.129545,Use Banker algorithm to check if new resource request leads to safe state.,Apply,CO3,"PO1, PO3, PO4"
2026-06-09 19:32:02.132695,Apply deadlock detection algorithm to identify deadlocked processes.,Apply,CO3,"PO1, PO3, PO4"
2026-06-09 19:32:02.135081,Simulate deadlock recovery by selecting victim process for termination.,Remember,CO3,"PO1, PO3, PO4"
2026-06-09 19:32:02.137409,Apply resource allocation graph algorithm to detect deadlock.,Apply,CO3,"PO1, PO3, PO4"
2026-06-09 19:32:02.139433,Use safety algorithm to verify safe sequence after resource allocation.,Evaluate,CO3,"PO1, PO3, PO4"
2026-06-09 19:32:02.141517,Apply Banker algorithm to compute maximum need matrix.,Apply,CO3,"PO1, PO3, PO4"
2026-06-09 19:32:02.147583,Simulate deadlock prevention using resource ordering scheme.,Understand,CO3,"PO1, PO3, PO4"
2026-06-09 19:32:02.150084,Analyze conditions under which circular wait occurs in resource allocation.,Analyze,CO3,"PO1, PO3, PO4"
2026-06-09 19:32:02.151180,Compare deadlock prevention and deadlock avoidance strategies.,Analyze,CO3,"PO1, PO3, PO4"
2026-06-09 19:32:02.152535,Differentiate between deadlock detection and deadlock prevention.,Analyze,CO3,"PO1, PO3, PO4"
2026-06-09 19:32:02.154125,Examine trade-off between resource utilization and deadlock safety.,Analyze,CO3,"PO1, PO3, PO4"
2026-06-09 19:32:02.155364,Analyze resource allocation graph to identify deadlock in scenario.,Analyze,CO3,"PO1, PO3, PO4"
2026-06-09 19:32:02.156529,Examine performance overhead of deadlock detection algorithm.,Analyze,CO3,"PO1, PO3, PO4"
2026-06-09 19:32:02.158070,Differentiate between deadlock and livelock in operating systems.,Analyze,CO3,"PO1, PO3, PO4"
2026-06-09 19:32:02.159728,Analyze deadlock conditions in a multithreaded Java application.,Analyze,CO3,"PO1, PO3, PO4"
2026-06-09 19:32:02.162456,Compare single-instance and multi-instance resource deadlock detection.,Analyze,CO3,"PO1, PO3, PO4"
2026-06-09 19:32:02.164675,Analyze how hold-and-wait contributes to deadlock formation.,Analyze,CO3,"PO1, PO3, PO4"
2026-06-09 19:32:02.166751,Differentiate safe state and unsafe state in deadlock avoidance.,Analyze,CO3,"PO1, PO3, PO4"
2026-06-09 19:32:02.168759,Compare Banker algorithm with resource allocation graph deadlock method.,Analyze,CO3,"PO1, PO3, PO4"
2026-06-09 19:32:02.172742,Analyze deadlock in dining philosophers synchronization problem.,Analyze,CO3,"PO1, PO3, PO4"
2026-06-09 19:32:02.173779,Differentiate deadlock prevention by preemption and by resource ordering.,Analyze,CO3,"PO1, PO3, PO4"
2026-06-09 19:32:02.175285,Examine deadlock conditions in multi-resource OS environment.,Analyze,CO3,"PO1, PO3, PO4"
2026-06-09 19:32:02.177547,Analyze circular wait prevention impact on system throughput.,Analyze,CO1,"PO1, PO2"
2026-06-09 19:32:02.179303,Compare deadlock avoidance and deadlock recovery efficiency.,Analyze,CO3,"PO1, PO3, PO4"
2026-06-09 19:32:02.180691,Differentiate Banker algorithm and wait-for graph deadlock methods.,Analyze,CO3,"PO1, PO3, PO4"
2026-06-09 19:32:02.182225,Examine deadlock handling trade-offs in real-time operating systems.,Analyze,CO3,"PO1, PO3, PO4"
2026-06-09 19:32:02.183795,Analyze resource utilization implications of deadlock avoidance.,Analyze,CO3,"PO1, PO3, PO4"
2026-06-09 19:32:02.185556,Compare deadlock detection frequency and its performance impact.,Analyze,CO3,"PO1, PO3, PO4"
2026-06-09 19:32:02.188468,Differentiate between resource preemption and process kill in deadlock.,Analyze,CO3,"PO1, PO3, PO4"
2026-06-09 19:32:02.190486,Examine deadlock in distributed operating systems.,Analyze,CO3,"PO1, PO3, PO4"
2026-06-09 19:32:02.192713,Analyze the no preemption condition impact on deadlock formation.,Analyze,CO3,"PO1, PO3, PO4"
2026-06-09 19:32:02.195080,Evaluate Banker algorithm practicality and overhead.,Evaluate,CO3,"PO1, PO3, PO4"
2026-06-09 19:32:02.197764,Assess effectiveness of different deadlock handling strategies.,Evaluate,CO3,"PO1, PO3, PO4"
2026-06-09 19:32:02.199324,Critique assumptions made in Banker algorithm for deadlock avoidance.,Evaluate,CO3,"PO1, PO3, PO4"
2026-06-09 19:32:02.200825,Justify why deadlock avoidance is preferred over prevention in databases.,Evaluate,CO3,"PO1, PO3, PO4"
2026-06-09 19:32:02.202412,Justify when deadlock detection with recovery is better than avoidance.,Evaluate,CO3,"PO1, PO3, PO4"
2026-06-09 19:32:02.204113,Recommend a deadlock handling strategy for airline reservation system.,Evaluate,CO3,"PO1, PO3, PO4"
2026-06-09 19:32:02.206225,Assess impact of deadlock on overall system availability.,Evaluate,CO3,"PO1, PO3, PO4"
2026-06-09 19:32:02.207317,Evaluate cost of implementing Banker algorithm in a production OS.,Evaluate,CO3,"PO1, PO3, PO4"
2026-06-09 19:32:02.208852,Critique limitations of resource allocation graph for multi-instance.,Evaluate,CO3,"PO1, PO3, PO4"
2026-06-09 19:32:02.210397,Evaluate deadlock handling techniques in distributed operating systems.,Evaluate,CO3,"PO1, PO3, PO4"
2026-06-09 19:32:02.213779,Assess suitability of preemption-based deadlock recovery.,Evaluate,CO3,"PO1, PO3, PO4"
2026-06-09 19:32:02.215923,Justify use of timeout for deadlock resolution in DBMS.,Evaluate,CO3,"PO1, PO3, PO4"
2026-06-09 19:32:02.217160,Evaluate overhead of maintaining allocation state for Banker algorithm.,Evaluate,CO3,"PO1, PO3, PO4"
2026-06-09 19:32:02.218785,Critique static resource count assumption in Banker algorithm.,Evaluate,CO3,"PO1, PO3, PO4"
2026-06-09 19:32:02.220203,Assess deadlock avoidance techniques for real-time OS requirements.,Evaluate,CO3,"PO1, PO3, PO4"
2026-06-09 19:32:02.222333,Justify why mutual exclusion cannot be eliminated in most systems.,Evaluate,CO1,"PO1, PO2"
2026-06-09 19:32:02.224575,Evaluate effectiveness of circular wait prevention by resource ordering.,Evaluate,CO1,"PO1, PO2"
2026-06-09 19:32:02.226777,Recommend best deadlock handling strategy for operating system kernel.,Evaluate,CO3,"PO1, PO3, PO4"
2026-06-09 19:32:02.228384,Assess impact of deadlock recovery by process termination on system.,Evaluate,CO3,"PO1, PO3, PO4"
2026-06-09 19:32:02.230607,Critique the ostrich algorithm for handling deadlock in practice.,Evaluate,CO3,"PO1, PO3, PO4"
2026-06-09 19:32:02.232346,Design a deadlock-free resource allocation system for an OS.,Create,CO3,"PO1, PO3, PO4"
2026-06-09 19:32:02.234350,Develop a deadlock detection and recovery mechanism for a database.,Create,CO3,"PO1, PO3, PO4"
2026-06-09 19:32:02.235833,Construct a distributed deadlock detection algorithm for cloud platform.,Create,CO3,"PO1, PO3, PO4"
2026-06-09 19:32:02.238233,Propose a resource allocation protocol that guarantees deadlock freedom.,Create,CO3,"PO1, PO3, PO4"
2026-06-09 19:32:02.239363,Create a resource management system implementing Banker deadlock avoidance.,Create,CO3,"PO1, PO3, PO4"
2026-06-09 19:32:02.240397,Design a deadlock prevention framework for a multi-threaded application.,Create,CO3,"PO1, PO3, PO4"
2026-06-09 19:32:02.241411,Develop a deadlock-free IPC mechanism for distributed OS.,Create,CO3,"PO1, PO3, PO4"
2026-06-09 19:32:02.242618,Formulate a safe resource allocation graph manager for OS.,Create,CO3,"PO1, PO3, PO4"
2026-06-09 19:32:02.244896,Define disk scheduling and list the disk scheduling algorithms.,Remember,CO5,"PO3, PO5"
2026-06-09 19:32:02.247670,State the working principle of Direct Memory Access DMA.,Remember,CO1,"PO1, PO2"
2026-06-09 19:32:02.249412,List the components of the I/O subsystem in operating systems.,Remember,CO1,"PO1, PO2"
2026-06-09 19:32:02.251669,Name the types of RAID levels used in storage systems.,Apply,CO1,"PO1, PO2"
2026-06-09 19:32:02.254255,Define spooling and state its purpose in I/O management.,Remember,CO1,"PO1, PO2"
2026-06-09 19:32:02.255619,What is buffering in I/O management? List the types.,Remember,CO1,"PO1, PO2"
2026-06-09 19:32:02.256794,List the steps involved in hardware interrupt handling.,Remember,CO1,"PO1, PO2"
2026-06-09 19:32:02.258612,State the role of device driver in operating system I/O.,Remember,CO1,"PO1, PO2"
2026-06-09 19:32:02.260790,Define seek time and rotational latency in disk scheduling.,Remember,CO5,"PO3, PO5"
2026-06-09 19:32:02.263268,List the types of disk scheduling algorithms used in OS.,Apply,CO5,"PO3, PO5"
2026-06-09 19:32:02.266255,Explain the SSTF disk scheduling algorithm with an example.,Understand,CO5,"PO3, PO5"
2026-06-09 19:32:02.269650,Describe the SCAN and C-SCAN disk scheduling algorithms.,Understand,CO5,"PO3, PO5"
2026-06-09 19:32:02.271072,Explain the concept of DMA and its advantage over programmed I/O.,Understand,CO1,"PO1, PO2"
2026-06-09 19:32:02.272981,Discuss working of LOOK and C-LOOK disk scheduling algorithms.,Understand,CO5,"PO3, PO5"
2026-06-09 19:32:02.277494,Describe the structure of RAID and explain RAID 5 configuration.,Understand,CO1,"PO1, PO2"
2026-06-09 19:32:02.280310,Explain the interrupt-driven I/O mechanism in operating systems.,Understand,CO1,"PO1, PO2"
2026-06-09 19:32:02.282635,Discuss the role of spooling in printer I/O management.,Understand,CO1,"PO1, PO2"
2026-06-09 19:32:02.284836,Describe the kernel I/O subsystem and its functions.,Understand,CO1,"PO1, PO2"
2026-06-09 19:32:02.287371,Explain the FCFS disk scheduling algorithm with example.,Understand,CO5,"PO3, PO5"
2026-06-09 19:32:02.289144,Discuss the disk structure including cylinders tracks and sectors.,Understand,CO1,"PO1, PO2"
2026-06-09 19:32:02.290351,Explain the difference between polling and interrupt-driven I/O.,Understand,CO1,"PO1, PO2"
2026-06-09 19:32:02.292217,Describe RAID 1 and RAID 0 storage configurations.,Understand,CO1,"PO1, PO2"
2026-06-09 19:32:02.295062,Explain the concept of rotational latency in disk I/O.,Understand,CO1,"PO1, PO2"
2026-06-09 19:32:02.296895,Describe the working of DMA for data transfer in OS.,Understand,CO1,"PO1, PO2"
2026-06-09 19:32:02.298736,Discuss the structure of interrupt handler in operating system.,Understand,CO1,"PO1, PO2"
2026-06-09 19:32:02.300642,Calculate total disk arm movement for FCFS SSTF SCAN given request queue.,Apply,CO2,"PO2, PO3"
2026-06-09 19:32:02.302961,Apply C-SCAN disk scheduling to given request queue and compute seek time.,Apply,CO5,"PO3, PO5"
2026-06-09 19:32:02.305204,Demonstrate LOOK disk scheduling algorithm on given request sequence.,Apply,CO5,"PO3, PO5"
2026-06-09 19:32:02.306586,Compute disk seek time using SSTF disk scheduling algorithm.,Apply,CO5,"PO3, PO5"
2026-06-09 19:32:02.308672,Apply SCAN disk scheduling algorithm to optimize disk arm movement.,Apply,CO5,"PO3, PO5"
2026-06-09 19:32:02.311265,Use LOOK disk scheduling to compute total head movement.,Apply,CO5,"PO3, PO5"
2026-06-09 19:32:02.313165,Calculate disk access time using C-SCAN algorithm for request queue.,Apply,CO1,"PO1, PO2"
2026-06-09 19:32:02.314853,Apply SSTF disk scheduling algorithm to minimize total seek time.,Apply,CO5,"PO3, PO5"
2026-06-09 19:32:02.316455,Compute total seek time using FCFS disk scheduling algorithm.,Apply,CO5,"PO3, PO5"
2026-06-09 19:32:02.318877,Apply C-LOOK disk scheduling and find total disk head movement.,Apply,CO5,"PO3, PO5"
2026-06-09 19:32:02.320499,Calculate total head movement using SCAN disk scheduling.,Apply,CO5,"PO3, PO5"
2026-06-09 19:32:02.321599,Apply LOOK disk scheduling algorithm for given disk request queue.,Apply,CO5,"PO3, PO5"
2026-06-09 19:32:02.322635,Compute average seek time for SSTF disk scheduling algorithm.,Apply,CO5,"PO3, PO5"
2026-06-09 19:32:02.324372,Analyze performance of FCFS versus SCAN disk scheduling algorithms.,Analyze,CO5,"PO3, PO5"
2026-06-09 19:32:02.325858,Compare RAID 1 RAID 5 and RAID 6 in terms of performance and fault tolerance.,Analyze,CO1,"PO1, PO2"
2026-06-09 19:32:02.329077,Differentiate between polling and interrupt-driven I/O mechanisms.,Analyze,CO1,"PO1, PO2"
2026-06-09 19:32:02.331342,Examine starvation problem in SSTF disk scheduling algorithm.,Analyze,CO5,"PO3, PO5"
2026-06-09 19:32:02.332883,Analyze trade-offs between different RAID storage configurations.,Analyze,CO1,"PO1, PO2"
2026-06-09 19:32:02.335195,Compare I/O performance of polling and DMA based data transfer.,Analyze,CO1,"PO1, PO2"
2026-06-09 19:32:02.337170,Examine fault tolerance mechanisms in RAID 5 configuration.,Analyze,CO1,"PO1, PO2"
2026-06-09 19:32:02.338371,Compare hardware RAID versus software RAID implementations.,Analyze,CO1,"PO1, PO2"
2026-06-09 19:32:02.339963,Analyze I/O bottleneck in database servers using disk scheduling.,Analyze,CO5,"PO3, PO5"
2026-06-09 19:32:02.341252,Differentiate between SCAN and LOOK disk scheduling algorithms.,Analyze,CO5,"PO3, PO5"
2026-06-09 19:32:02.343110,Examine write performance impact across different RAID levels.,Analyze,CO1,"PO1, PO2"
2026-06-09 19:32:02.344824,Compare FCFS and SSTF disk scheduling in terms of throughput.,Analyze,CO5,"PO3, PO5"
2026-06-09 19:32:02.346575,Analyze DMA controller effectiveness in reducing CPU overhead for I/O.,Analyze,CO1,"PO1, PO2"
2026-06-09 19:32:02.348054,Differentiate C-SCAN and C-LOOK disk scheduling algorithms.,Analyze,CO5,"PO3, PO5"
2026-06-09 19:32:02.348984,Examine seek time impact on overall disk I/O performance.,Analyze,CO1,"PO1, PO2"
2026-06-09 19:32:02.349762,Compare reliability of RAID 0 and RAID 1 storage configurations.,Analyze,CO1,"PO1, PO2"
2026-06-09 19:32:02.350823,Analyze performance implications of interrupt-driven versus DMA I/O.,Analyze,CO1,"PO1, PO2"
2026-06-09 19:32:02.353441,Differentiate between buffering and caching in I/O management.,Analyze,CO1,"PO1, PO2"
2026-06-09 19:32:02.354788,Examine disk scheduling trade-offs for real-time OS workloads.,Analyze,CO5,"PO3, PO5"
2026-06-09 19:32:02.356997,Analyze advantages of LOOK over SCAN in disk scheduling.,Analyze,CO5,"PO3, PO5"
2026-06-09 19:32:02.358325,Compare spooling and buffering techniques in I/O management.,Analyze,CO1,"PO1, PO2"
2026-06-09 19:32:02.359829,Examine RAID 10 versus RAID 5 for database server workloads.,Analyze,CO1,"PO1, PO2"
2026-06-09 19:32:02.361484,Differentiate between disk scheduling strategies for HDD and SSD.,Analyze,CO5,"PO3, PO5"
2026-06-09 19:32:02.363221,Analyze the convoy effect in FCFS disk scheduling algorithm.,Analyze,CO5,"PO3, PO5"
2026-06-09 19:32:02.365193,Evaluate suitability of disk scheduling algorithms for SSD drives.,Evaluate,CO5,"PO3, PO5"
2026-06-09 19:32:02.366389,Assess performance of RAID 5 versus RAID 10 for a web server.,Evaluate,CO1,"PO1, PO2"
2026-06-09 19:32:02.369281,Justify why DMA is more efficient than programmed I/O for large transfers.,Evaluate,CO1,"PO1, PO2"
2026-06-09 19:32:02.371655,Recommend optimal disk scheduling algorithm for SSD storage devices.,Evaluate,CO4,"PO4, PO5"
2026-06-09 19:32:02.373822,Evaluate role of DMA controller in reducing CPU processing overhead.,Evaluate,CO2,"PO2, PO3"
2026-06-09 19:32:02.375623,Assess trade-off between RAID 5 and RAID 10 for hospital database.,Evaluate,CO1,"PO1, PO2"
2026-06-09 19:32:02.378363,Justify choice of SCAN over FCFS for high-throughput disk server.,Evaluate,CO2,"PO2, PO3"
2026-06-09 19:32:02.380768,Evaluate effectiveness of RAID 6 for fault-tolerant storage systems.,Evaluate,CO1,"PO1, PO2"
2026-06-09 19:32:02.382641,Critique use of SSTF disk scheduling for interactive I/O systems.,Evaluate,CO5,"PO3, PO5"
2026-06-09 19:32:02.385219,Recommend RAID configuration for high-availability cloud storage.,Evaluate,CO1,"PO1, PO2"
2026-06-09 19:32:02.388602,Assess I/O performance bottleneck in a multimedia streaming server.,Evaluate,CO1,"PO1, PO2"
2026-06-09 19:32:02.391154,Evaluate interrupt-driven I/O versus DMA for embedded system OS.,Evaluate,CO1,"PO1, PO2"
2026-06-09 19:32:02.394314,Justify use of C-SCAN over SCAN for uniform disk wear distribution.,Evaluate,CO1,"PO1, PO2"
2026-06-09 19:32:02.396718,Critique SSTF disk scheduling effectiveness for preventing starvation.,Evaluate,CO5,"PO3, PO5"
2026-06-09 19:32:02.399267,Recommend a disk scheduling policy for a database transaction system.,Evaluate,CO5,"PO3, PO5"
2026-06-09 19:32:02.400672,Evaluate performance of spooling for high-volume print environments.,Evaluate,CO1,"PO1, PO2"
2026-06-09 19:32:02.402170,Assess suitability of RAID 1 versus RAID 5 for small database servers.,Evaluate,CO1,"PO1, PO2"
2026-06-09 19:32:02.403560,Justify when DMA is preferred over interrupt-driven I/O in OS design.,Create,CO1,"PO1, PO2"
2026-06-09 19:32:02.404843,Evaluate impact of disk scheduling on database query response time.,Evaluate,CO5,"PO3, PO5"
2026-06-09 19:32:02.406610,Critique FCFS disk scheduling for workloads with mixed request sizes.,Evaluate,CO5,"PO3, PO5"
2026-06-09 19:32:02.408181,Design an I/O scheduling system for a high-performance database server.,Create,CO1,"PO1, PO2"
2026-06-09 19:32:02.410388,Develop a RAID configuration plan for a fault-tolerant storage system.,Create,CO1,"PO1, PO2"
2026-06-09 19:32:02.411814,Propose an optimized disk scheduling policy for a multimedia server.,Create,CO5,"PO3, PO5"
2026-06-09 19:32:02.413585,Create a disk scheduling simulator for comparing multiple algorithms.,Create,CO5,"PO3, PO5"
2026-06-09 19:32:02.415545,Develop an interrupt service routine for a high-speed network interface.,Create,CO1,"PO1, PO2"
2026-06-09 19:32:02.417694,Design a unified I/O framework for heterogeneous storage devices.,Create,CO1,"PO1, PO2"
2026-06-09 19:32:02.419323,Construct a smart buffer management system for I/O optimization.,Create,CO1,"PO1, PO2"
2026-06-09 19:32:02.421127,Formulate a RAID management system for an enterprise data center.,Create,CO1,"PO1, PO2"
2026-06-09 19:32:02.423060,Analyze the circular wait condition and its role in deadlock.,Analyze,CO3,"PO1, PO3, PO4"
2026-06-09 19:32:02.424217,Compare the deadlock prevention strategies for different OS types.,Analyze,CO3,"PO1, PO3, PO4"
2026-06-09 19:32:02.426167,Differentiate between deadlock in single-instance and multi-instance resources.,Analyze,CO3,"PO1, PO3, PO4"
2026-06-09 19:32:02.427553,Examine the Banker algorithm steps for deadlock avoidance.,Analyze,CO3,"PO1, PO3, PO4"
2026-06-09 19:32:02.429949,Analyze the resource allocation graph for detecting deadlock cycles.,Analyze,CO3,"PO1, PO3, PO4"
2026-06-09 19:32:02.432106,Compare wait-for graph and resource allocation graph for deadlock.,Analyze,CO3,"PO1, PO3, PO4"
2026-06-09 19:32:02.434037,Differentiate between deadlock avoidance and deadlock recovery methods.,Analyze,CO3,"PO1, PO3, PO4"
2026-06-09 19:32:02.436395,Examine how the no preemption condition contributes to deadlock.,Analyze,CO3,"PO1, PO3, PO4"
2026-06-09 19:32:02.438307,Analyze the safe state concept in the Banker algorithm.,Analyze,CO3,"PO1, PO3, PO4"
2026-06-09 19:32:02.439500,Compare deadlock in dining philosophers and real OS scenarios.,Analyze,CO3,"PO1, PO3, PO4"
2026-06-09 19:32:02.441684,Differentiate between starvation and deadlock in resource allocation.,Analyze,CO3,"PO1, PO3, PO4"
2026-06-09 19:32:02.444230,Examine the deadlock handling overhead in operating systems.,Analyze,CO3,"PO1, PO3, PO4"
2026-06-09 19:32:02.446517,Analyze the trade-offs between deadlock prevention and system performance.,Analyze,CO3,"PO1, PO3, PO4"
2026-06-09 19:32:02.449202,Compare the effectiveness of Banker algorithm versus resource allocation graph.,Analyze,CO3,"PO1, PO3, PO4"
2026-06-09 19:32:02.451276,Examine the role of mutual exclusion in deadlock formation.,Analyze,CO3,"PO1, PO3, PO4"
2026-06-09 19:32:02.452845,Analyze the Banker algorithm need matrix for resource requests.,Analyze,CO3,"PO1, PO3, PO4"
2026-06-09 19:32:02.455005,Compare the time complexity of different deadlock detection algorithms.,Analyze,CO3,"PO1, PO3, PO4"
2026-06-09 19:32:02.457639,Differentiate between hold-and-wait and no preemption deadlock conditions.,Analyze,CO3,"PO1, PO3, PO4"
2026-06-09 19:32:02.460323,Examine how circular wait can be prevented using resource ordering.,Analyze,CO1,"PO1, PO2"
2026-06-09 19:32:02.462061,Analyze the impact of deadlock on system throughput and performance.,Analyze,CO3,"PO1, PO3, PO4"
2026-06-09 19:32:02.463515,Compare Banker algorithm and ostrich algorithm for deadlock handling.,Analyze,CO3,"PO1, PO3, PO4"
2026-06-09 19:32:02.465695,Differentiate between global and local deadlock in distributed OS.,Analyze,CO3,"PO1, PO3, PO4"
2026-06-09 19:32:02.468111,Examine deadlock in multi-threaded database transaction management.,Analyze,CO3,"PO1, PO3, PO4"
2026-06-09 19:32:02.470330,Analyze the resource utilization trade-off in Banker algorithm.,Analyze,CO3,"PO1, PO3, PO4"
2026-06-09 19:32:02.472182,Compare the four necessary deadlock conditions and their prevention.,Analyze,CO3,"PO1, PO3, PO4"
2026-06-09 19:32:02.473175,Differentiate between preemptive and non-preemptive deadlock recovery.,Analyze,CO3,"PO1, PO3, PO4"
2026-06-09 19:32:02.474304,Examine the deadlock conditions for reader-writer lock scenarios.,Analyze,CO3,"PO1, PO3, PO4"
2026-06-09 19:32:02.475396,Analyze the probability of deadlock in high-load OS environments.,Analyze,CO3,"PO1, PO3, PO4"
2026-06-09 19:32:02.477208,Compare deadlock in distributed systems versus single-machine OS.,Analyze,CO3,"PO1, PO3, PO4"
2026-06-09 19:32:02.478531,Differentiate between conservative and optimistic deadlock avoidance.,Analyze,CO3,"PO1, PO3, PO4"
2026-06-09 19:32:02.479635,Evaluate the practicality of Banker algorithm in modern operating systems.,Evaluate,CO3,"PO1, PO3, PO4"
2026-06-09 19:32:02.481632,Assess the deadlock avoidance overhead versus system performance gain.,Evaluate,CO3,"PO1, PO3, PO4"
2026-06-09 19:32:02.483141,Justify the selection of deadlock detection over prevention in databases.,Evaluate,CO3,"PO1, PO3, PO4"
2026-06-09 19:32:02.484316,Critique the assumptions of Banker algorithm for deadlock avoidance.,Evaluate,CO3,"PO1, PO3, PO4"
2026-06-09 19:32:02.486163,Recommend the best deadlock handling strategy for a web server OS.,Evaluate,CO3,"PO1, PO3, PO4"
2026-06-09 19:32:02.487493,Evaluate the effectiveness of circular wait prevention in resource management.,Evaluate,CO1,"PO1, PO2"
2026-06-09 19:32:02.491075,Assess the impact of frequent deadlock detection on system throughput.,Evaluate,CO3,"PO1, PO3, PO4"
2026-06-09 19:32:02.493819,Justify the use of resource ordering to eliminate deadlock conditions.,Evaluate,CO3,"PO1, PO3, PO4"
2026-06-09 19:32:02.495241,Critique the limitations of static allocation in Banker algorithm.,Evaluate,CO3,"PO1, PO3, PO4"
2026-06-09 19:32:02.496520,Evaluate the trade-offs between deadlock prevention and CPU utilization.,Evaluate,CO3,"PO1, PO3, PO4"
2026-06-09 19:32:02.498446,Assess the suitability of Banker algorithm for real-time systems.,Evaluate,CO3,"PO1, PO3, PO4"
2026-06-09 19:32:02.499928,Justify the preference for deadlock avoidance in transaction processing.,Evaluate,CO3,"PO1, PO3, PO4"
2026-06-09 19:32:02.501459,Critique the performance cost of maintaining Banker algorithm state.,Evaluate,CO3,"PO1, PO3, PO4"
2026-06-09 19:32:02.503550,Evaluate deadlock recovery by process termination versus preemption.,Evaluate,CO3,"PO1, PO3, PO4"
2026-06-09 19:32:02.505616,Assess the effectiveness of timeout-based deadlock resolution.,Evaluate,CO3,"PO1, PO3, PO4"
2026-06-09 19:32:02.507075,Justify the use of wait-for graph for deadlock detection in DBMS.,Evaluate,CO3,"PO1, PO3, PO4"
2026-06-09 19:32:02.509217,Critique the hold-and-wait prevention strategy for OS design.,Create,CO1,"PO1, PO2"
2026-06-09 19:32:02.511922,Evaluate the scalability of Banker algorithm for large-scale systems.,Evaluate,CO3,"PO1, PO3, PO4"
2026-06-09 19:32:02.514942,Assess the deadlock probability in multi-process OS environments.,Evaluate,CO3,"PO1, PO3, PO4"
2026-06-09 19:32:02.516599,Justify why deadlock ignorance is acceptable in general-purpose OS.,Evaluate,CO3,"PO1, PO3, PO4"
2026-06-09 19:32:02.519025,Critique the mutual exclusion condition and possible alternatives.,Evaluate,CO1,"PO1, PO2"
2026-06-09 19:32:02.521316,Evaluate the performance of deadlock avoidance in distributed systems.,Evaluate,CO3,"PO1, PO3, PO4"
2026-06-09 19:32:02.522836,Assess the cost-benefit of implementing deadlock prevention in OS.,Evaluate,CO3,"PO1, PO3, PO4"
2026-06-09 19:32:02.524307,Justify the resource preemption strategy for deadlock recovery.,Evaluate,CO3,"PO1, PO3, PO4"
2026-06-09 19:32:02.526323,Critique the no preemption condition elimination approach in OS.,Evaluate,CO1,"PO1, PO2"
2026-06-09 19:32:02.529033,Evaluate the effectiveness of two-phase locking for deadlock avoidance.,Evaluate,CO3,"PO1, PO3, PO4"
2026-06-09 19:32:02.531473,Assess the deadlock handling requirements for safety-critical OS.,Evaluate,CO3,"PO1, PO3, PO4"
2026-06-09 19:32:02.534474,Justify the selection of deadlock detection for cloud computing OS.,Evaluate,CO3,"PO1, PO3, PO4"
2026-06-09 19:32:02.537192,Critique the circular wait prevention using resource ordering.,Evaluate,CO1,"PO1, PO2"
2026-06-09 19:32:02.538591,Evaluate the impact of deadlock prevention on OS system call performance.,Evaluate,CO3,"PO1, PO3, PO4"
2026-06-09 19:32:02.541570,Analyze the performance comparison of SSTF versus C-SCAN disk scheduling.,Analyze,CO5,"PO3, PO5"
2026-06-09 19:32:02.544308,Compare the seek time of FCFS and SCAN disk scheduling algorithms.,Analyze,CO5,"PO3, PO5"
2026-06-09 19:32:02.546888,Differentiate between the elevator algorithm and LOOK disk scheduling.,Analyze,CO5,"PO3, PO5"
2026-06-09 19:32:02.549321,Examine the starvation issue in SSTF disk scheduling algorithm.,Analyze,CO5,"PO3, PO5"
2026-06-09 19:32:02.552094,Analyze the RAID 5 performance for read and write I/O operations.,Analyze,CO1,"PO1, PO2"
2026-06-09 19:32:02.554432,Compare the fault tolerance of RAID 6 versus RAID 5 configurations.,Analyze,CO1,"PO1, PO2"
2026-06-09 19:32:02.556712,Differentiate between software RAID and hardware RAID I/O performance.,Analyze,CO1,"PO1, PO2"
2026-06-09 19:32:02.559010,Examine the DMA transfer efficiency versus interrupt-driven I/O.,Analyze,CO1,"PO1, PO2"
2026-06-09 19:32:02.561543,Analyze the disk arm movement in C-LOOK versus C-SCAN scheduling.,Analyze,CO1,"PO1, PO2"
2026-06-09 19:32:02.564542,Compare RAID 1 and RAID 10 configurations for database servers.,Analyze,CO1,"PO1, PO2"
2026-06-09 19:32:02.567454,Differentiate between buffering and caching in I/O performance.,Analyze,CO1,"PO1, PO2"
2026-06-09 19:32:02.570279,Examine the rotational latency impact on disk scheduling efficiency.,Analyze,CO5,"PO3, PO5"
2026-06-09 19:32:02.571583,Analyze the I/O throughput of different disk scheduling policies.,Analyze,CO5,"PO3, PO5"
2026-06-09 19:32:02.573621,Compare polling and DMA for I/O performance in embedded systems.,Analyze,CO1,"PO1, PO2"
2026-06-09 19:32:02.575558,Examine the RAID write penalty in RAID 5 storage systems.,Analyze,CO1,"PO1, PO2"
2026-06-09 19:32:02.578317,Analyze the disk scheduling fairness in SCAN algorithm.,Analyze,CO5,"PO3, PO5"
2026-06-09 19:32:02.581762,Compare the LOOK and C-LOOK disk scheduling performance.,Analyze,CO5,"PO3, PO5"
2026-06-09 19:32:02.584368,Differentiate between disk scheduling strategies for HDD and SSD.,Analyze,CO5,"PO3, PO5"
2026-06-09 19:32:02.586938,Examine the I/O performance bottleneck in file server systems.,Analyze,CO5,"PO3, PO5"
2026-06-09 19:32:02.588913,Analyze the seek time optimization in SSTF disk scheduling.,Analyze,CO5,"PO3, PO5"
2026-06-09 19:32:02.591303,Compare head movement in SCAN versus LOOK disk scheduling.,Analyze,CO5,"PO3, PO5"
2026-06-09 19:32:02.593586,Differentiate between RAID 0 and RAID 5 performance characteristics.,Analyze,CO1,"PO1, PO2"
2026-06-09 19:32:02.595746,Examine the DMA controller role in reducing CPU I/O overhead.,Analyze,CO1,"PO1, PO2"
2026-06-09 19:32:02.598796,Analyze the disk scheduling impact on database query performance.,Analyze,CO5,"PO3, PO5"
2026-06-09 19:32:02.601325,Compare interrupt-driven I/O and programmed I/O performance.,Analyze,CO1,"PO1, PO2"
2026-06-09 19:32:02.603562,Differentiate between spooling and buffering in I/O management.,Analyze,CO1,"PO1, PO2"
2026-06-09 19:32:02.605222,Examine the RAID 6 double parity advantage over RAID 5.,Analyze,CO1,"PO1, PO2"
2026-06-09 19:32:02.608320,Analyze the seek time difference in FCFS versus SSTF disk scheduling.,Analyze,CO5,"PO3, PO5"
2026-06-09 19:32:02.610819,Compare the I/O performance of LOOK and C-SCAN disk algorithms.,Analyze,CO1,"PO1, PO2"
2026-06-09 19:32:02.613402,Differentiate between synchronous and asynchronous disk I/O operations.,Analyze,CO1,"PO1, PO2"
2026-06-09 19:32:02.615230,Evaluate the disk scheduling algorithm selection for multimedia servers.,Evaluate,CO5,"PO3, PO5"
2026-06-09 19:32:02.618066,Assess the RAID 5 versus RAID 10 performance for transaction systems.,Evaluate,CO1,"PO1, PO2"
2026-06-09 19:32:02.620613,Justify the use of DMA for high-speed network data transfers.,Evaluate,CO1,"PO1, PO2"
2026-06-09 19:32:02.623056,Critique the SSTF disk scheduling fairness for interactive systems.,Evaluate,CO5,"PO3, PO5"
2026-06-09 19:32:02.625721,Recommend the optimal RAID level for a high-availability storage.,Evaluate,CO4,"PO4, PO5"
2026-06-09 19:32:02.627796,Evaluate the C-SCAN disk scheduling for disk arm wear reduction.,Evaluate,CO5,"PO3, PO5"
2026-06-09 19:32:02.630275,Assess the performance of interrupt-driven versus DMA I/O systems.,Evaluate,CO1,"PO1, PO2"
2026-06-09 19:32:02.632615,Justify the LOOK algorithm selection over SCAN for disk servers.,Evaluate,CO1,"PO1, PO2"
2026-06-09 19:32:02.634838,Critique the FCFS disk scheduling for mixed I/O workloads.,Evaluate,CO5,"PO3, PO5"
2026-06-09 19:32:02.637358,Evaluate the RAID 6 overhead versus fault tolerance benefits.,Evaluate,CO1,"PO1, PO2"
2026-06-09 19:32:02.639202,Assess the DMA controller efficiency for large file I/O transfers.,Evaluate,CO5,"PO3, PO5"
2026-06-09 19:32:02.640903,Justify the spooling implementation for printer queue management.,Evaluate,CO1,"PO1, PO2"
2026-06-09 19:32:02.643610,Critique the RAID 0 usage for critical data storage systems.,Evaluate,CO1,"PO1, PO2"
2026-06-09 19:32:02.645555,Evaluate the C-LOOK disk scheduling for database I/O workloads.,Evaluate,CO5,"PO3, PO5"
2026-06-09 19:32:02.647154,Assess the disk scheduling trade-offs for SSD versus HDD storage.,Evaluate,CO5,"PO3, PO5"
2026-06-09 19:32:02.648705,Justify the hardware RAID preference over software RAID.,Evaluate,CO1,"PO1, PO2"
2026-06-09 19:32:02.650022,Evaluate the buffering strategies for I/O performance optimization.,Evaluate,CO1,"PO1, PO2"
2026-06-09 19:32:02.652502,Assess the SSTF suitability for real-time I/O applications.,Evaluate,CO1,"PO1, PO2"
2026-06-09 19:32:02.654850,Justify the RAID 10 selection for online transaction processing.,Evaluate,CO2,"PO2, PO3"
2026-06-09 19:32:02.656402,Critique the FCFS disk scheduling for enterprise storage systems.,Evaluate,CO5,"PO3, PO5"
2026-06-09 19:32:02.659175,Evaluate the DMA efficiency for bulk data transfer operations.,Evaluate,CO1,"PO1, PO2"
2026-06-09 19:32:02.661140,Assess the disk I/O performance impact on database response time.,Evaluate,CO1,"PO1, PO2"
2026-06-09 19:32:02.663239,Justify the C-SCAN algorithm for uniform disk wear distribution.,Evaluate,CO1,"PO1, PO2"
2026-06-09 19:32:02.666367,Critique the interrupt-driven I/O overhead for high-frequency operations.,Evaluate,CO1,"PO1, PO2"
2026-06-09 19:32:02.669098,Evaluate the RAID configuration for a cloud object storage system.,Evaluate,CO1,"PO1, PO2"
2026-06-09 19:32:02.670802,Assess the disk scheduling policy impact on OS I/O throughput.,Evaluate,CO5,"PO3, PO5"
2026-06-09 19:32:02.672574,Justify the LOOK disk scheduling selection for web server storage.,Evaluate,CO5,"PO3, PO5"
2026-06-09 19:32:02.673873,Critique the RAID 5 write penalty for write-intensive workloads.,Evaluate,CO1,"PO1, PO2"
2026-06-09 19:32:02.675442,Evaluate the performance of spooling for batch job I/O processing.,Evaluate,CO2,"PO2, PO3"
2026-06-09 19:32:02.677706,Recommend an I/O scheduling policy for a high-performance computing OS.,Evaluate,CO1,"PO1, PO2"
2026-06-09 19:32:02.679721,Formulate an OS architecture for autonomous vehicle control system.,Create,CO1,"PO1, PO2"
2026-06-09 19:32:02.681711,Construct a security-focused OS kernel design for cloud platforms.,Create,CO1,"PO1, PO2"
2026-06-09 19:32:02.683540,Create a virtual machine design for multi-tenant cloud computing.,Create,CO1,"PO1, PO2"
2026-06-09 19:32:02.685933,Develop an OS framework for large-scale IoT device management.,Create,CO1,"PO1, PO2"
2026-06-09 19:32:02.687944,Construct a process synchronization framework for distributed systems.,Create,CO3,"PO1, PO3, PO4"
2026-06-09 19:32:02.689904,Formulate a real-time CPU scheduling policy for autonomous systems.,Create,CO2,"PO2, PO3"
2026-06-09 19:32:02.691864,Create a thread management system for cloud microservices.,Create,CO1,"PO1, PO2"
2026-06-09 19:32:02.694916,Propose a CPU scheduling framework for heterogeneous computing.,Create,CO2,"PO2, PO3"
2026-06-09 19:32:02.696537,Construct a memory management framework for serverless computing.,Create,CO1,"PO1, PO2"
2026-06-09 19:32:02.699571,Formulate a page replacement strategy for NVM storage systems.,Create,CO4,"PO4, PO5"
2026-06-09 19:32:02.702527,Create a virtual memory architecture design for mobile OS.,Create,CO4,"PO4, PO5"
2026-06-09 19:32:02.704445,Propose a memory compression scheme for embedded real-time systems.,Create,CO1,"PO1, PO2"
2026-06-09 19:32:02.705788,Construct a file system design for distributed cloud storage.,Create,CO5,"PO3, PO5"
2026-06-09 19:32:02.707343,Formulate a file recovery strategy for journaling file systems.,Create,CO5,"PO3, PO5"
2026-06-09 19:32:02.709794,Create a file access control model for enterprise OS systems.,Create,CO5,"PO3, PO5"
2026-06-09 19:32:02.712156,Propose a versioned file system for collaborative editing platforms.,Create,CO5,"PO3, PO5"
2026-06-09 19:32:02.714136,Construct a deadlock avoidance protocol for distributed transactions.,Create,CO3,"PO1, PO3, PO4"
2026-06-09 19:32:02.717119,Formulate a resource allocation framework for deadlock-free cloud OS.,Create,CO3,"PO1, PO3, PO4"
2026-06-09 19:32:02.719416,Create a deadlock detection system for microservice OS architectures.,Create,CO3,"PO1, PO3, PO4"
2026-06-09 19:32:02.721029,Propose a deadlock prevention strategy for database transaction systems.,Create,CO3,"PO1, PO3, PO4"
2026-06-09 19:32:02.722353,Construct an adaptive disk scheduling algorithm for mixed I/O workloads.,Create,CO5,"PO3, PO5"
2026-06-09 19:32:02.723573,Formulate an I/O optimization framework for cloud storage systems.,Create,CO1,"PO1, PO2"
2026-06-09 19:32:02.725437,Create a RAID management system for enterprise data center storage.,Create,CO1,"PO1, PO2"
2026-06-09 19:32:02.727745,Propose an intelligent I/O scheduler for NVM storage devices.,Create,CO2,"PO2, PO3"
